{"cameraMode":{"drawMode":0,"name":"Shaded","section":"Shading Mode"},"sceneLighting":true,"audioPlay":false,"sceneViewState":{"showFog":true,"showMaterialUpdate":false,"showSkybox":false,"showFlares":true,"showImageEffects":true,"showParticleSystems":true},"in2DMode":false,"pivot":{"x":3.13545560836792,"y":1.1114442348480225,"z":5.570691108703613},"rotation":{"x":-0.023069176822900773,"y":0.9324480891227722,"z":-0.060516390949487689,"w":-0.35545292496681216},"size":1.1445074081420899,"orthographic":false}