{"cameraMode":{"drawMode":0,"name":"Shaded","section":"Shading Mode"},"sceneLighting":false,"audioPlay":false,"sceneViewState":{"showFog":true,"showMaterialUpdate":false,"showSkybox":false,"showFlares":true,"showImageEffects":true,"showParticleSystems":true},"in2DMode":false,"pivot":{"x":-0.03408956527709961,"y":-0.10567033290863037,"z":0.3574690818786621},"rotation":{"x":-0.041916005313396457,"y":0.9316616654396057,"z":-0.11405009031295777,"w":-0.3424064517021179},"size":5.221525192260742,"orthographic":false}